club,pattern,breaks
AEK Athens,H A H A H A H A,0
Arsenal,H H A H A H A A,2
Aston Villa,A H A H A H A H,0
Atletico de Madrid,A H A H A H H A,1
Barcelona,H A A H H A H A,2
Bayern Munchen,A H A A H A H H,2
Bodo/Glimt,A A H A H A H H,2
Borussia Dortmund,H A A H A H H A,2
Club Brugge,A A H H A H A H,2
Como,A H A H A H A H,0
Fenerbahce,H A H A H A A H,1
Feyenoord,H A H A H A H A,0
Galatasaray,A H A H A H H A,1
Inter,A H A H A H A H,0
LASK,A H A H A H A H,0
Leipzig,H A H H A H A A,2
Lens,H A H A H A H A,0
Lille,A H A H A H A H,0
Liverpool,A H H A H A H A,1
Manchester City,A H A H A H A H,0
Manchester United,H A H A H A H A,0
Napoli,H A H A H H A A,2
PSV Eindhoven,H H A A H A H A,2
Paris Saint-Germain,H A H A H A H A,0
Porto,A H A H H A A H,2
Real Betis,A H H A H A H A,1
Real Madrid,H A H A H A A H,1
Roma,A H A H A H H A,1
Sabah,A H H A H A A H,2
Shakhtar Donetsk,A H A H A H H A,1
Slavia Praha,H A A H A H A H,1
Slovan Bratislava,H A H A H A A H,1
Sporting CP,H A H A A H A H,1
Stuttgart,H A H A H A H A,0
Viking,H A H A A H A H,1
Villarreal,A H A H A A H H,2
