matchday,home_team,home_pot,away_team,away_pot
1,AEK Athens,4,LASK,4
1,Club Brugge,2,Aston Villa,2
1,Borussia Dortmund,2,Villarreal,3
1,Porto,2,Manchester City,1
1,Lille,3,Real Betis,2
1,Real Madrid,1,Inter,1
1,Barcelona,1,Feyenoord,3
1,Stuttgart,4,Viking,4
1,Liverpool,1,Atletico de Madrid,1
1,Paris Saint-Germain,1,Slovan Bratislava,4
1,Sporting CP,2,Galatasaray,3
1,Napoli,3,Arsenal,1
1,Fenerbahce,3,Roma,2
1,PSV Eindhoven,2,Shakhtar Donetsk,3
1,Como,4,Leipzig,3
1,Bayern Munchen,1,Bodo/Glimt,3
1,Manchester United,2,Sabah,4
1,Slavia Praha,4,Lens,4
2,Lens,4,Sporting CP,2
2,Sabah,4,Slavia Praha,4
2,Arsenal,1,Lille,3
2,Atletico de Madrid,1,Manchester United,2
2,Inter,1,Club Brugge,2
2,Galatasaray,3,Barcelona,1
2,Leipzig,3,PSV Eindhoven,2
2,Viking,4,Bayern Munchen,1
2,Villarreal,3,Napoli,3
2,Feyenoord,3,Como,4
2,LASK,4,Liverpool,1
2,Roma,2,Real Madrid,1
2,Aston Villa,2,Fenerbahce,3
2,Shakhtar Donetsk,3,AEK Athens,4
2,Bodo/Glimt,3,Borussia Dortmund,2
2,Manchester City,1,Paris Saint-Germain,1
2,Real Betis,2,Porto,2
2,Slovan Bratislava,4,Stuttgart,4
3,Fenerbahce,3,Slavia Praha,4
3,Sabah,4,Borussia Dortmund,2
3,Roma,2,Slovan Bratislava,4
3,Porto,2,PSV Eindhoven,2
3,Liverpool,1,Villarreal,3
3,Manchester City,1,AEK Athens,4
3,Paris Saint-Germain,1,Barcelona,1
3,Napoli,3,Bodo/Glimt,3
3,Stuttgart,4,Atletico de Madrid,1
3,Como,4,Manchester United,2
3,Lille,3,Galatasaray,3
3,Aston Villa,2,Viking,4
3,Club Brugge,2,Lens,4
3,Bayern Munchen,1,Arsenal,1
3,Inter,1,Shakhtar Donetsk,3
3,Real Madrid,1,Leipzig,3
3,Real Betis,2,Feyenoord,3
3,Sporting CP,2,LASK,4
4,Shakhtar Donetsk,3,Sporting CP,2
4,Galatasaray,3,Stuttgart,4
4,Atletico de Madrid,1,Bayern Munchen,1
4,Barcelona,1,Aston Villa,2
4,Feyenoord,3,Inter,1
4,Bodo/Glimt,3,Lille,3
4,LASK,4,Slovan Bratislava,4
4,Manchester United,2,Roma,2
4,Villarreal,3,Paris Saint-Germain,1
4,AEK Athens,4,Real Madrid,1
4,Fenerbahce,3,Liverpool,1
4,Borussia Dortmund,2,Real Betis,2
4,Porto,2,Napoli,3
4,PSV Eindhoven,2,Club Brugge,2
4,Leipzig,3,Manchester City,1
4,Lens,4,Como,4
4,Slavia Praha,4,Arsenal,1
4,Viking,4,Sabah,4
5,Bodo/Glimt,3,LASK,4
5,Galatasaray,3,Aston Villa,2
5,Arsenal,1,Borussia Dortmund,2
5,Como,4,AEK Athens,4
5,Feyenoord,3,Porto,2
5,Manchester City,1,Napoli,3
5,Leipzig,3,Lens,4
5,Real Madrid,1,PSV Eindhoven,2
5,Slovan Bratislava,4,Real Betis,2
5,Sabah,4,Barcelona,1
5,Slavia Praha,4,Villarreal,3
5,Atletico de Madrid,1,Viking,4
5,Club Brugge,2,Liverpool,1
5,Inter,1,Stuttgart,4
5,Shakhtar Donetsk,3,Fenerbahce,3
5,Lille,3,Bayern Munchen,1
5,Paris Saint-Germain,1,Roma,2
5,Sporting CP,2,Manchester United,2
6,Viking,4,Feyenoord,3
6,Villarreal,3,Sabah,4
6,AEK Athens,4,Galatasaray,3
6,Roma,2,Sporting CP,2
6,Aston Villa,2,Paris Saint-Germain,1
6,Barcelona,1,Manchester City,1
6,Bayern Munchen,1,Slavia Praha,4
6,Manchester United,2,Leipzig,3
6,Napoli,3,Club Brugge,2
6,Real Betis,2,Como,4
6,Slovan Bratislava,4,Shakhtar Donetsk,3
6,Arsenal,1,Real Madrid,1
6,Borussia Dortmund,2,Inter,1
6,LASK,4,Fenerbahce,3
6,Liverpool,1,Porto,2
6,PSV Eindhoven,2,Atletico de Madrid,1
6,Lens,4,Bodo/Glimt,3
6,Stuttgart,4,Lille,3
7,Bodo/Glimt,3,Atletico de Madrid,1
7,Galatasaray,3,Feyenoord,3
7,AEK Athens,4,Roma,2
7,Aston Villa,2,Borussia Dortmund,2
7,Inter,1,Liverpool,1
7,Porto,2,Slavia Praha,4
7,Lille,3,Slovan Bratislava,4
7,Real Madrid,1,LASK,4
7,Stuttgart,4,Club Brugge,2
7,Fenerbahce,3,Villarreal,3
7,Sabah,4,Napoli,3
7,Como,4,Paris Saint-Germain,1
7,Manchester United,2,Bayern Munchen,1
7,Leipzig,3,Shakhtar Donetsk,3
7,Lens,4,Manchester City,1
7,Real Betis,2,Arsenal,1
7,Sporting CP,2,Barcelona,1
7,Viking,4,PSV Eindhoven,2
8,Arsenal,1,Sabah,4
8,Roma,2,Lille,3
8,Atletico de Madrid,1,Fenerbahce,3
8,Borussia Dortmund,2,AEK Athens,4
8,Club Brugge,2,Bodo/Glimt,3
8,Bayern Munchen,1,Real Betis,2
8,Barcelona,1,Como,4
8,Shakhtar Donetsk,3,Real Madrid,1
8,Feyenoord,3,Leipzig,3
8,LASK,4,Porto,2
8,Liverpool,1,Lens,4
8,Manchester City,1,Sporting CP,2
8,Paris Saint-Germain,1,Galatasaray,3
8,PSV Eindhoven,2,Stuttgart,4
8,Slavia Praha,4,Aston Villa,2
8,Napoli,3,Viking,4
8,Villarreal,3,Manchester United,2
8,Slovan Bratislava,4,Inter,1
